file,target,internal_deps,openvino,genai,tensorflow,mediapipe,grpc,protobuf,other_external,total_deps
src/anonymous_input_name.cpp,//src:anonymous_input_name,0,0,0,0,0,0,0,0,0
src/audio/audio_utils.cpp,//src/audio:audio_utils,3,0,0,0,0,0,0,5,8
src/audio/speech_to_text/s2t_calculator.cc,//src/audio/speech_to_text:s2t_calculator,16,1,1,0,1,0,1,12,32
src/audio/speech_to_text/s2t_calculator.pb.cc,//src/audio/speech_to_text:s2t_calculator_cc_proto,0,0,0,0,1,0,1,1,3
src/audio/speech_to_text/s2t_calculator_options_lib.cc,//src/audio/speech_to_text:s2t_calculator_options_registry,1,0,0,0,1,0,1,8,11
src/audio/speech_to_text/stt_node_initializer.cpp,//src/audio/speech_to_text:s2t_calculator,16,1,1,0,1,0,1,12,32
src/audio/text_to_speech/t2s_calculator.cc,//src/audio/text_to_speech:t2s_calculator,16,1,1,0,1,0,1,12,32
src/audio/text_to_speech/t2s_calculator.pb.cc,//src/audio/text_to_speech:t2s_calculator_cc_proto,0,0,0,0,1,0,1,1,3
src/audio/text_to_speech/t2s_calculator_options_lib.cc,//src/audio/text_to_speech:t2s_calculator_options_registry,1,0,0,0,1,0,1,8,11
src/audio/text_to_speech/t2s_servable.cpp,//src/audio/text_to_speech:t2s_servable,5,1,1,0,1,0,1,11,20
src/audio/text_to_speech/tts_node_initializer.cpp,//src/audio/text_to_speech:t2s_calculator,16,1,1,0,1,0,1,12,32
src/capi_frontend/buffer.cpp,//src:libovmscapibuffer,2,0,0,0,0,0,0,4,6
src/capi_frontend/capi.cpp,//src:ovms_lib,242,1,1,1,1,1,1,71,319
src/capi_frontend/capi_backend_impls.cpp,//src:capi_backend_impl,71,1,0,0,0,0,0,9,81
src/capi_frontend/capi_dag_utils.cpp,//src:capi_dag_utils,23,1,0,0,0,0,0,4,28
src/capi_frontend/capi_request_utils.cpp,//src:capi_request_utils,22,1,0,0,0,0,0,4,27
src/capi_frontend/capi_utils.cpp,//src:libovmscapi_utils,22,1,0,0,0,0,0,4,27
src/capi_frontend/capi_validation.cpp,//src:capi_validation,28,1,0,0,0,0,0,5,34
src/capi_frontend/capimodule.cpp,//src:capimodule,5,0,0,0,0,0,0,4,9
src/capi_frontend/deserialization.cpp,//src:capi_deserialization,31,1,0,0,0,0,0,6,38
src/capi_frontend/inferenceparameter.cpp,//src:capiinferenceparameter,17,1,0,0,0,0,0,4,22
src/capi_frontend/inferencerequest.cpp,//src:inferencerequest,20,1,0,0,0,0,0,4,25
src/capi_frontend/inferenceresponse.cpp,//src:inferenceresponse,20,1,0,0,0,0,0,4,25
src/capi_frontend/inferencetensor.cpp,//src:inferencetensor,6,1,0,0,0,0,0,4,11
src/capi_frontend/servablemetadata.cpp,//src:libovms_capi_servable_metadata,9,1,0,0,0,0,0,4,14
src/capi_frontend/server_settings.cpp,//src:libovms_server_settings,1,0,0,0,0,0,0,0,1
src/capi_frontend/tensor_conversion.cpp,//src:capi_backend_impl,71,1,0,0,0,0,0,9,81
src/cleaner_utils.cpp,//src:cleaner_utils,19,1,0,0,0,0,0,5,25
src/cli_parser.cpp,//src:libovms_cliparser,19,0,0,0,0,0,0,7,26
src/color_format_configuration.cpp,//src:libovmscolor_format_configuration,3,1,0,0,0,0,0,4,8
src/config.cpp,//src:libovms_config,31,1,0,0,0,0,0,7,39
src/config_export_module/config_export.cpp,//src/config_export_module:config_export,10,0,0,0,0,0,0,6,16
src/custom_nodes/add_one/add_one.cpp,//src:libcustom_node_add_one.so,2,0,0,0,0,0,0,0,2
src/custom_nodes/common/buffersqueue.cpp,//src:custom_nodes_common_buffersqueue,1,0,0,0,0,0,0,0,1
src/custom_nodes/common/custom_node_library_internal_manager.cpp,//src:libcustom_node_add_one.so,2,0,0,0,0,0,0,0,2
src/custom_nodes/common/custom_node_library_internal_manager.cpp,//src:libcustom_node_model_zoo_intel_object_detection.so,3,0,0,0,0,0,0,1,4
src/custom_nodes/east_ocr/east_ocr.cpp,//src:libcustom_node_east_ocr.so,1,0,0,0,0,0,0,1,2
src/custom_nodes/face_blur/face_blur.cpp,//src:libcustom_node_face_blur.so,1,0,0,0,0,0,0,1,2
src/custom_nodes/horizontal_ocr/horizontal_ocr.cpp,//src:libcustom_node_horizontal_ocr.so,1,0,0,0,0,0,0,1,2
src/custom_nodes/image_transformation/image_transformation.cpp,//src:libcustom_node_image_transformation.so,1,0,0,0,0,0,0,1,2
src/custom_nodes/model_zoo_intel_object_detection/model_zoo_intel_object_detection.cpp,//src:libcustom_node_model_zoo_intel_object_detection.so,3,0,0,0,0,0,0,1,4
src/customloaders.cpp,//src:customloaders,8,0,0,0,0,0,0,6,14
src/dags/custom_node.cpp,//src/dags:custom_node,36,1,0,0,0,0,0,5,42
src/dags/custom_node_library_manager.cpp,//src/dags:custom_node_library_manager,8,0,0,0,0,0,0,5,13
src/dags/custom_node_output_allocator.cpp,//src/dags:custom_node_output_allocator,3,0,0,0,0,0,0,4,7
src/dags/customnodesession.cpp,//src/dags:customnodesession,33,1,0,0,0,0,0,5,39
src/dags/dag_capi.cpp,//src/dags:dag_capi,96,1,0,0,0,0,0,9,106
src/dags/dag_kfs.cpp,//src/dags:dag_kfs,93,1,0,0,0,0,1,10,105
src/dags/dag_tfs.cpp,//src/dags:dag_tfs,97,1,0,1,0,0,1,26,126
src/dags/dl_node.cpp,//src/dags:dl_node,54,1,0,0,0,0,0,8,63
src/dags/dlnodesession.cpp,//src/dags:dlnodesession,52,1,0,0,0,0,0,8,61
src/dags/gathernodeinputhandler.cpp,//src/dags:gathernodeinputhandler,21,1,0,0,0,0,0,5,27
src/dags/node.cpp,//src/dags:node,28,1,0,0,0,0,0,5,34
src/dags/node_library.cpp,//src/dags:node_library,1,0,0,0,0,0,0,0,1
src/dags/node_library_utils.cpp,//src/dags:node_library_utils,18,1,0,0,0,0,0,5,24
src/dags/nodeinputhandler.cpp,//src/dags:nodeinputhandler,6,1,0,0,0,0,0,4,11
src/dags/nodesession.cpp,//src/dags:nodesession,22,1,0,0,0,0,0,5,28
src/dags/nodesessionmetadata.cpp,//src/dags:nodesessionmetadata,3,0,0,0,0,0,0,4,7
src/dags/nodestreamidguard.cpp,//src/dags:nodestreamidguard,18,1,0,0,0,0,0,8,27
src/dags/pipeline.cpp,//src/dags:pipeline,29,1,0,0,0,0,0,5,35
src/dags/pipeline_config_parser.cpp,//src/dags:pipeline_config_parser,88,1,0,0,0,0,0,9,98
src/dags/pipeline_factory.cpp,//src/dags:pipeline_factory,70,1,0,0,0,0,0,8,79
src/dags/pipelinedefinition.cpp,//src/dags:pipelinedefinition,69,1,0,0,0,0,0,8,78
src/dags/pipelinedefinitionstatus.cpp,//src/dags:pipelinedefinitionstatus,3,0,0,0,0,0,0,4,7
src/deserialization_common.cpp,//src:deserialization_common,20,1,0,0,0,0,0,6,27
src/drogon_http_async_writer_impl.cpp,//src:libdrogon_http_server,34,1,0,0,1,0,0,10,46
src/drogon_http_server.cpp,//src:libdrogon_http_server,34,1,0,0,1,0,0,10,46
src/embeddings/embeddings_api.cpp,//src/embeddings:embeddings_api,5,1,0,0,1,0,1,11,19
src/embeddings/embeddings_calculator.pb.cc,//src/embeddings:embeddings_calculator_cc_proto,0,0,0,0,1,0,1,1,3
src/embeddings/embeddings_calculator_options_lib.cc,//src/embeddings:embeddings_calculator_options_registry,1,0,0,0,1,0,1,8,11
src/embeddings/embeddings_calculator_ov.cc,//src/embeddings:embeddingscalculator_ov,35,1,1,0,1,0,1,15,54
src/embeddings/embeddings_calculator_ov.pb.cc,//src/embeddings:embeddings_calculator_ov_cc_proto,0,0,0,0,1,0,1,1,3
src/embeddings/embeddings_calculator_ov_options_lib.cc,//src/embeddings:embeddings_calculator_ov_options_registry,1,0,0,0,1,0,1,8,11
src/embeddings/embeddings_node_initializer.cpp,//src/embeddings:embeddingscalculator_ov,35,1,1,0,1,0,1,15,54
src/embeddings/embeddings_servable.cpp,//src/embeddings:embeddings_servable,14,1,1,0,1,0,1,12,30
src/executingstreamidguard.cpp,//src:executingstreamidguard,16,1,0,0,0,0,0,7,24
src/filesystem/azurefilesystem.cpp,//src/filesystem:libovmsazurefilesystem,6,0,0,0,0,0,0,7,13
src/filesystem/azurestorage.cpp,//src/filesystem:libovmsazurefilesystem,6,0,0,0,0,0,0,7,13
src/filesystem/filesystem.cpp,//src/filesystem:libovmsfilesystem,5,0,0,0,0,0,0,5,10
src/filesystem/filesystemfactory.cpp,//src/filesystem:libovmsfilesystemfactory,11,0,0,0,0,0,0,14,25
src/filesystem/gcsfilesystem.cpp,//src/filesystem:libovmsgcsfilesystem,6,0,0,0,0,0,0,11,17
src/filesystem/localfilesystem.cpp,//src/filesystem:libovmslocalfilesystem,6,0,0,0,0,0,0,5,11
src/filesystem/s3filesystem.cpp,//src/filesystem:libovmss3filesystem,6,0,0,0,0,0,0,6,12
src/get_model_metadata_impl.cpp,//src:ovms_lib,242,1,1,1,1,1,1,71,319
src/global_sequences_viewer.cpp,//src:global_sequences_viewer,17,1,0,0,0,0,0,5,23
src/graph_export/embeddings_graph_cli_parser.cpp,//src/graph_export:embeddings_graph_cli_parser,6,0,0,0,0,0,0,5,11
src/graph_export/graph_cli_parser.cpp,//src/graph_export:graph_cli_parser,5,0,0,0,0,0,0,5,10
src/graph_export/graph_export.cpp,//src/graph_export:graph_export,14,0,0,0,1,0,1,12,28
src/graph_export/image_generation_graph_cli_parser.cpp,//src/graph_export:image_generation_graph_cli_parser,8,0,0,0,0,0,0,6,14
src/graph_export/rerank_graph_cli_parser.cpp,//src/graph_export:rerank_graph_cli_parser,6,0,0,0,0,0,0,5,11
src/graph_export/s2t_graph_cli_parser.cpp,//src/graph_export:s2t_graph_cli_parser,6,0,0,0,0,0,0,5,11
src/graph_export/t2s_graph_cli_parser.cpp,//src/graph_export:t2s_graph_cli_parser,6,0,0,0,0,0,0,5,11
src/grpc_utils.cpp,//src:grpc_utils,2,0,0,0,0,1,0,5,8
src/grpcservermodule.cpp,//src:ovms_lib,242,1,1,1,1,1,1,71,319
src/http_frontend/http_graph_executor_impl.cpp,//src:libovms_mediapipe_http_executor,48,1,0,0,1,0,1,18,69
src/http_frontend/multi_part_parser_drogon_impl.cpp,//src:libmultipart_parser_drogon_impl,1,0,0,0,0,0,0,3,4
src/http_rest_api_handler.cpp,//src:ovms_lib,242,1,1,1,1,1,1,71,319
src/http_server.cpp,//src:ovms_lib,242,1,1,1,1,1,1,71,319
src/httpservermodule.cpp,//src:ovms_lib,242,1,1,1,1,1,1,71,319
src/image_conversion.cpp,//src:image_conversion,9,1,0,0,0,0,0,7,17
src/image_gen/http_image_gen_calculator.cc,//src/image_gen:image_gen_calculator,22,1,1,0,1,0,1,14,40
src/image_gen/image_gen_calculator.pb.cc,//src/image_gen:image_gen_calculator_cc_proto,0,0,0,0,1,0,1,1,3
src/image_gen/image_gen_calculator_options_lib.cc,//src/image_gen:image_gen_calculator_options_registry,1,0,0,0,1,0,1,8,11
src/image_gen/image_gen_node_initializer.cpp,//src/image_gen:image_gen_calculator,22,1,1,0,1,0,1,14,40
src/image_gen/imagegen_init.cpp,//src/image_gen:imagegen_init,18,1,1,0,1,0,1,10,32
src/image_gen/imagegenutils.cpp,//src/image_gen:imagegenutils,14,1,1,0,0,0,0,8,24
src/image_gen/pipelines.cpp,//src/image_gen:pipelines,4,1,1,0,0,0,0,4,10
src/json_parser.cpp,//src:libmodelconfigjsonparser,3,1,0,0,0,0,0,5,9
src/kfs_frontend/deserialization.cpp,//src:kfs_deserialization,26,1,0,0,0,0,1,7,35
src/kfs_frontend/kfs_backend_impl.cpp,//src:kfs_backend_impl,66,1,0,0,0,0,1,10,78
src/kfs_frontend/kfs_graph_executor_impl.cpp,//src:libovms_mediapipe_kfs_executor,54,1,0,1,1,1,1,33,92
src/kfs_frontend/kfs_grpc_inference_service.cpp,//src:ovms_lib,242,1,1,1,1,1,1,71,319
src/kfs_frontend/kfs_request_utils.cpp,//src:kfs_request_utils,22,1,0,0,0,0,1,7,31
src/kfs_frontend/kfs_utils.cpp,//src:libovms_kfs_utils,19,1,0,0,0,0,1,7,28
src/kfs_frontend/serialization.cpp,//src:kfs_serialization,22,1,0,0,0,0,1,7,31
src/kfs_frontend/tensor_conversion.cpp,//src:kfs_backend_impl,66,1,0,0,0,0,1,10,78
src/kfs_frontend/validation.cpp,//src:kfs_validation,23,1,0,0,0,0,1,7,32
src/kfserving_api/grpc_predict_v2.grpc.pb.cc,//src/kfserving_api:kfserving_api_cpp,0,0,0,0,0,0,1,1,2
src/kfserving_api/grpc_predict_v2.pb.cc,//src/kfserving_api:kfserving_api_cpp,0,0,0,0,0,0,1,1,2
src/layout.cpp,//src:libovmslayout,5,1,0,0,0,0,0,4,10
src/layout_configuration.cpp,//src:libovmslayout_configuration,6,1,0,0,0,0,0,4,11
src/llm/apis/openai_api_handler.cpp,//src/llm:openai_api_handler,22,1,1,0,1,0,1,15,41
src/llm/apis/openai_completions.cpp,//src/llm:openai_completions_api_handler,23,1,1,0,1,0,1,15,42
src/llm/apis/openai_responses.cpp,//src/llm:openai_responses_handler,23,1,1,0,1,0,1,15,42
src/llm/http_llm_calculator.cc,//src/llm:llmcalculator,41,1,1,0,1,0,1,18,63
src/llm/io_processing/base_generation_config_builder.cpp,//src/llm:generation_config_builders,4,0,1,0,0,0,0,5,10
src/llm/io_processing/base_output_parser.cpp,//src/llm:io_processing_base_output_parser,4,0,1,0,0,0,0,1,6
src/llm/io_processing/devstral/generation_config_builder.cpp,//src/llm:generation_config_builders,4,0,1,0,0,0,0,5,10
src/llm/io_processing/devstral/tool_parser.cpp,//src/llm:output_parsers,12,0,1,0,0,0,0,5,18
src/llm/io_processing/gptoss/harmony.cpp,//src/llm:output_parsers,12,0,1,0,0,0,0,5,18
src/llm/io_processing/gptoss/reasoning_parser.cpp,//src/llm:output_parsers,12,0,1,0,0,0,0,5,18
src/llm/io_processing/gptoss/tool_parser.cpp,//src/llm:output_parsers,12,0,1,0,0,0,0,5,18
src/llm/io_processing/hermes3/generation_config_builder.cpp,//src/llm:generation_config_builders,4,0,1,0,0,0,0,5,10
src/llm/io_processing/hermes3/tool_parser.cpp,//src/llm:output_parsers,12,0,1,0,0,0,0,5,18
src/llm/io_processing/llama3/generation_config_builder.cpp,//src/llm:generation_config_builders,4,0,1,0,0,0,0,5,10
src/llm/io_processing/llama3/tool_parser.cpp,//src/llm:output_parsers,12,0,1,0,0,0,0,5,18
src/llm/io_processing/mistral/tool_parser.cpp,//src/llm:output_parsers,12,0,1,0,0,0,0,5,18
src/llm/io_processing/output_parser.cpp,//src/llm:output_parsers,12,0,1,0,0,0,0,5,18
src/llm/io_processing/partial_json_builder.cpp,//src/llm:partial_json_builder,3,0,0,0,0,0,0,1,4
src/llm/io_processing/phi4/generation_config_builder.cpp,//src/llm:generation_config_builders,4,0,1,0,0,0,0,5,10
src/llm/io_processing/phi4/tool_parser.cpp,//src/llm:output_parsers,12,0,1,0,0,0,0,5,18
src/llm/io_processing/qwen3/reasoning_parser.cpp,//src/llm:output_parsers,12,0,1,0,0,0,0,5,18
src/llm/io_processing/qwen3coder/qwen3coder_tool_parser.cpp,//src/llm:io_processing_qwen3coder_tool_parser,9,0,1,0,0,0,0,5,15
src/llm/io_processing/utils.cpp,//src/llm:io_processing_utils,0,0,0,0,0,0,0,0,0
src/llm/language_model/continuous_batching/servable.cpp,//src/llm:genai_servables,38,1,1,0,1,0,1,18,60
src/llm/language_model/continuous_batching/servable_initializer.cpp,//src/llm:genai_servables,38,1,1,0,1,0,1,18,60
src/llm/language_model/legacy/legacy_executor.cpp,//src/llm:genai_servables,38,1,1,0,1,0,1,18,60
src/llm/language_model/legacy/servable.cpp,//src/llm:genai_servables,38,1,1,0,1,0,1,18,60
src/llm/language_model/legacy/servable_initializer.cpp,//src/llm:genai_servables,38,1,1,0,1,0,1,18,60
src/llm/llm_calculator.pb.cc,//src/llm:llmcalculator_cc_proto,0,0,0,0,1,0,1,1,3
src/llm/llm_node_initializer.cpp,//src/llm:llmcalculator,41,1,1,0,1,0,1,18,63
src/llm/llmcalculator_options_lib.cc,//src/llm:llmcalculator_options_registry,1,0,0,0,1,0,1,8,11
src/llm/py_jinja_template_processor.cpp,//src/llm:py_jinja_template_processor,2,1,0,0,1,0,1,13,18
src/llm/servable.cpp,//src/llm:genai_servables,38,1,1,0,1,0,1,18,60
src/llm/servable_initializer.cpp,//src/llm:genai_servables,38,1,1,0,1,0,1,18,60
src/llm/visual_language_model/continuous_batching/servable.cpp,//src/llm:genai_servables,38,1,1,0,1,0,1,18,60
src/llm/visual_language_model/legacy/legacy_executor.cpp,//src/llm:genai_servables,38,1,1,0,1,0,1,18,60
src/llm/visual_language_model/legacy/servable.cpp,//src/llm:genai_servables,38,1,1,0,1,0,1,18,60
src/llm/visual_language_model/legacy/servable_initializer.cpp,//src/llm:genai_servables,38,1,1,0,1,0,1,18,60
src/logging.cpp,//src:libovmslogging,0,0,0,0,0,0,0,4,4
src/main.cpp,//src:ovms,249,1,1,1,1,1,1,72,327
src/main_benchmark.cpp,//src:capi_benchmark,243,1,1,1,1,1,1,71,320
src/main_capi.cpp,//src:capi_cpp_example,243,1,1,1,1,1,1,71,320
src/main_windows.cpp,//src:ovms,249,1,1,1,1,1,1,72,327
src/mediapipe_calculators/ovmscalculator.pb.cc,//src:ovmscalculatoroptions_cc_proto,0,0,0,0,1,0,1,1,3
src/mediapipe_internal/mediapipe_utils.cpp,//src/mediapipe_internal:mediapipe_utils,3,0,0,0,0,0,0,4,7
src/mediapipe_internal/mediapipefactory.cpp,//src/mediapipe_internal:libovms_mediapipe,41,1,0,0,1,0,1,17,61
src/mediapipe_internal/mediapipegraphconfig.cpp,//src/mediapipe_internal:libovms_mediapipe,41,1,0,0,1,0,1,17,61
src/mediapipe_internal/mediapipegraphdefinition.cpp,//src/mediapipe_internal:libovms_mediapipe,41,1,0,0,1,0,1,17,61
src/mediapipe_internal/mediapipegraphexecutor.cpp,//src/mediapipe_internal:libovms_mediapipe,41,1,0,0,1,0,1,17,61
src/mediapipe_internal/node_initializer.cpp,//src/mediapipe_internal:node_initializer,2,0,0,0,0,0,0,4,6
src/metrics/metric.cpp,//src/metrics:libovmsmetrics,11,0,0,0,0,0,0,7,18
src/metrics/metric_config.cpp,//src/metrics:libovmsmetrics,11,0,0,0,0,0,0,7,18
src/metrics/metric_family.cpp,//src/metrics:libovmsmetrics,11,0,0,0,0,0,0,7,18
src/metrics/metric_module.cpp,//src/metrics:libovmsmetrics,11,0,0,0,0,0,0,7,18
src/metrics/metric_registry.cpp,//src/metrics:libovmsmetrics,11,0,0,0,0,0,0,7,18
src/model.cpp,//src:model,67,1,0,0,0,0,0,9,77
src/model_metric_reporter.cpp,//src:model_metric_reporter,13,0,0,0,0,0,0,7,20
src/model_service.cpp,//src:ovms_lib,242,1,1,1,1,1,1,71,319
src/model_version_policy.cpp,//src:libovmsmodelversioning,1,0,0,0,0,0,0,0,1
src/modelchangesubscription.cpp,//src:modelchangesubscription,2,0,0,0,0,0,0,4,6
src/modelconfig.cpp,//src:modelconfig,18,1,0,0,0,0,0,6,25
src/modelextensions.cpp,//src:modelextensions,0,0,0,0,0,0,0,0,0
src/modelinstance.cpp,//src:modelinstance,56,1,0,0,0,0,0,9,66
src/modelinstanceunloadguard.cpp,//src:modelinstanceunloadguard,35,1,0,0,0,0,0,8,44
src/modelmanager.cpp,//src:modelmanager,130,1,0,0,1,0,1,27,160
src/modelversionstatus.cpp,//src:libovmsmodelversionstatus,2,0,0,0,0,0,0,4,6
src/module_names.cpp,//src:cpp_headers,2,0,0,0,0,0,0,4,6
src/net_http_async_writer_impl.cpp,//src:libnet_http_server,4,0,0,1,0,0,1,21,27
src/network_utils.cpp,//src:network_utils,1,0,0,0,0,0,0,4,5
src/ocl_utils.cpp,//src:libovmsoclutils,1,1,0,0,0,0,0,4,6
src/opencltensorfactory.cpp,//src:libovmstensorfactory,4,1,0,0,0,0,0,4,9
src/outputkeeper.cpp,//src:libovms_outputkeeper,8,1,0,0,0,0,0,4,13
src/ov_utils.cpp,//src:libovms_ov_utils,13,1,0,0,0,0,0,5,19
src/ovinferrequestsqueue.cpp,//src:libovms_ovinferrequestsqueue,2,1,0,0,0,0,0,4,7
src/ovmscalculatoroptions_options_lib.cc,//src:ovmscalculatoroptions_options_registry,1,0,0,0,1,0,1,8,11
src/precision.cpp,//src:libovmsprecision,0,1,0,0,0,0,0,0,1
src/precision_configuration.cpp,//src:libovmsprecision_configuration,3,1,0,0,0,0,0,4,8
src/predict_request_validation_utils_impl.cpp,//src:predict_request_validation_utils_impl,9,1,0,0,0,0,0,4,14
src/prediction_service.cpp,//src:ovms_lib,242,1,1,1,1,1,1,71,319
src/profiler.cpp,//src:libovmsprofiler,8,1,0,0,0,0,0,5,14
src/profilermodule.cpp,//src:libovmsprofiler,8,1,0,0,0,0,0,5,14
src/pull_module/cmd_exec.cpp,//src/pull_module:cmd_exec,2,0,0,0,0,0,0,7,9
src/pull_module/gguf_downloader.cpp,//src/pull_module:gguf_downloader,10,0,0,0,0,0,0,7,17
src/pull_module/hf_pull_model_module.cpp,//src/pull_module:hf_pull_model_module,21,0,0,0,1,0,1,17,40
src/pull_module/libgit2.cpp,//src/pull_module:libgit2,10,0,0,0,0,0,0,9,19
src/pull_module/model_downloader.cpp,//src/pull_module:model_downloader,7,0,0,0,0,0,0,5,12
src/pull_module/optimum_export.cpp,//src/pull_module:optimum_export,11,0,0,0,0,0,0,8,19
src/python/binding/ovms_py_tensor.cpp,//src/python/binding:pyovms.so,1,0,0,0,0,0,0,3,4
src/python/ovms_py_tensor.cpp,//src/python:ovmspytensor,0,0,0,0,0,0,0,3,3
src/python/pytensor_ovtensor_converter_calculator.cc,//src/python:pytensorovtensorconvertercalculator,6,1,0,0,1,0,1,13,22
src/python/pytensor_ovtensor_converter_calculator.pb.cc,//src/python:pytensorovtensorconvertercalculator_cc_proto,0,0,0,0,1,0,1,1,3
src/python/pytensorovtensorconvertercalculator_options_lib.cc,//src/python:pytensorovtensorconvertercalculator_options_registry,1,0,0,0,1,0,1,8,11
src/python/python_backend.cpp,//src/python:pythonbackend,2,0,0,0,0,0,0,7,9
src/python/python_executor_calculator.cc,//src/python:pythonexecutorcalculator,10,1,0,0,1,0,1,13,26
src/python/python_executor_calculator.pb.cc,//src/python:pythonexecutorcalculator_cc_proto,0,0,0,0,1,0,1,1,3
src/python/python_node_initializer.cpp,//src/python:pythonexecutorcalculator,10,1,0,0,1,0,1,13,26
src/python/pythonexecutorcalculator_options_lib.cc,//src/python:pythonexecutorcalculator_options_registry,1,0,0,0,1,0,1,8,11
src/python/pythoninterpretermodule.cpp,//src/python:libovmspythonmodule,16,1,0,0,1,0,1,13,32
src/python/pythonnoderesources.cpp,//src/python:pythonnoderesources,6,0,0,0,1,0,1,13,21
src/regularovtensorfactory.cpp,//src:libovmstensorfactory,4,1,0,0,0,0,0,4,9
src/rerank/rerank_calculator.cc,//src/rerank:rerankcalculator,20,1,0,0,1,0,1,13,36
src/rerank/rerank_calculator.pb.cc,//src/rerank:rerank_calculator_cc_proto,0,0,0,0,1,0,1,1,3
src/rerank/rerank_calculator_options_lib.cc,//src/rerank:rerank_calculator_options_registry,1,0,0,0,1,0,1,8,11
src/rerank/rerank_calculator_ov.cc,//src/rerank:rerankcalculator_ov,35,1,1,0,1,0,1,15,54
src/rerank/rerank_calculator_ov.pb.cc,//src/rerank:rerank_calculator_ov_cc_proto,0,0,0,0,1,0,1,1,3
src/rerank/rerank_calculator_ov_options_lib.cc,//src/rerank:rerank_calculator_ov_options_registry,1,0,0,0,1,0,1,8,11
src/rerank/rerank_node_initializer.cpp,//src/rerank:rerankcalculator_ov,35,1,1,0,1,0,1,15,54
src/rerank/rerank_utils.cpp,//src/rerank:rerank_api_handler,12,1,0,0,1,0,1,12,27
src/rest_parser.cpp,//src:rest_parser_utils,23,1,0,1,0,1,1,24,51
src/rest_utils.cpp,//src:rest_parser_utils,23,1,0,1,0,1,1,24,51
src/schema.cpp,//src:libovmsschema,7,0,0,0,0,0,0,6,13
src/sequence.cpp,//src:libovms_sequence,14,1,0,0,0,0,0,5,20
src/sequence_manager.cpp,//src:libovms_sequence_manager,16,1,0,0,0,0,0,5,22
src/serialization_common.cpp,//src:serialization_common,13,1,0,0,0,0,0,5,19
src/servable_definition_unload_guard.cpp,//src:libovms_single_version_servable_definition,13,1,0,0,0,0,0,4,18
src/servablemanagermodule.cpp,//src:servablemanagermodule,131,1,0,0,1,0,1,27,161
src/servables_config_manager_module/listmodels.cpp,//src/servables_config_manager_module:listmodels,7,0,0,0,0,0,0,5,12
src/servables_config_manager_module/servablesconfigmanagermodule.cpp,//src/servables_config_manager_module:servablesconfigmanagermodule,15,0,0,0,0,0,0,6,21
src/server.cpp,//src:ovms_lib,242,1,1,1,1,1,1,71,319
src/shape.cpp,//src:libovmsshape,4,1,0,0,0,0,0,4,9
src/sidepacket_servable.cpp,//src:sidepacket_servable,10,1,1,0,1,0,1,12,26
src/single_version_servable_definition.cpp,//src:libovms_single_version_servable_definition,13,1,0,0,0,0,0,4,18
src/statefulmodelinstance.cpp,//src:statefulmodelinstance,65,1,0,0,0,0,0,9,75
src/status.cpp,//src:libovmsstatus,1,0,0,0,0,0,0,4,5
src/stringutils.cpp,//src:libovmsstring_utils,0,0,0,0,0,0,0,0,0
src/systeminfo.cpp,//src:libovms_systeminfo,2,0,0,0,0,0,0,4,6
src/tensor_conversion.cpp,//src:tensor_conversion,16,1,0,0,0,0,0,6,23
src/tensor_conversion_common.cpp,//src:tensor_conversion_common,17,1,0,0,0,0,0,6,24
src/tensorinfo.cpp,//src:libovms_tensorinfo,7,1,0,0,0,0,0,4,12
src/test/c_api_test_utils.cpp,//src:test_utils,246,1,1,1,1,1,1,71,323
src/test/config_export_full_test.cpp,//src:config_export_full_test,249,1,1,1,1,1,1,71,326
src/test/config_export_test.cpp,//src:config_export_test,14,0,0,0,0,0,0,9,23
src/test/constructor_enabled_model_manager.cpp,//src:test_constructor_enabled_model_manager,243,1,1,1,1,1,1,71,320
src/test/custom_nodes/node_choose_maximum.cpp,//src:lib_node_choose_maximum.so,0,0,0,0,0,0,0,0,0
src/test/custom_nodes/node_dynamic_demultiplex.cpp,//src:lib_node_dynamic_demultiplex.so,0,0,0,0,0,0,0,0,0
src/test/custom_nodes/node_perform_different_operations.cpp,//src:lib_node_perform_different_operations.so,0,0,0,0,0,0,0,0,0
src/test/embeddings_handler_test.cpp,//src:embeddings_handler_tests,6,1,0,0,1,0,1,13,22
src/test/environment.cpp,//src:libtest_environment,1,0,0,0,0,0,0,7,8
src/test/gguf_environment.cpp,//src:test_gguf_environment,1,0,0,0,0,0,0,7,8
src/test/gpuenvironment.cpp,//src:libtest_gpuenvironment,1,0,0,0,0,0,0,7,8
src/test/graph_export_test.cpp,//src:graph_export_test,18,0,0,0,1,0,1,14,34
src/test/inferencerequest_test.cpp,//src:inferencerequest_test,22,1,0,0,0,0,0,7,30
src/test/libgit2_test.cpp,//src:libgit2_test,249,1,1,1,1,1,1,71,326
src/test/light_test_utils.cpp,//src:test_light_test_utils,0,0,0,0,0,0,0,2,2
src/test/listdirectorymodels_test.cpp,//src:listdirectorymodels_test,248,1,1,1,1,1,1,71,325
src/test/llm/output_parsers/base_output_parser_test.cpp,//src:test_llm_output_parser_tests,14,0,1,0,0,0,0,8,23
src/test/llm/output_parsers/devstral_output_parser_test.cpp,//src:test_llm_output_parser_tests,14,0,1,0,0,0,0,8,23
src/test/llm/output_parsers/gptoss_output_parser_test.cpp,//src:test_llm_output_parser_tests,14,0,1,0,0,0,0,8,23
src/test/llm/output_parsers/hermes3_output_parser_test.cpp,//src:test_llm_output_parser_tests,14,0,1,0,0,0,0,8,23
src/test/llm/output_parsers/llama3_output_parser_test.cpp,//src:test_llm_output_parser_tests,14,0,1,0,0,0,0,8,23
src/test/llm/output_parsers/mistral_output_parser_test.cpp,//src:test_llm_output_parser_tests,14,0,1,0,0,0,0,8,23
src/test/llm/output_parsers/partial_json_builder_test.cpp,//src:test_llm_output_parser_tests,14,0,1,0,0,0,0,8,23
src/test/llm/output_parsers/phi4_output_parser_test.cpp,//src:test_llm_output_parser_tests,14,0,1,0,0,0,0,8,23
src/test/llm/output_parsers/qwen3_output_parser_test.cpp,//src:test_llm_output_parser_tests,14,0,1,0,0,0,0,8,23
src/test/llm/output_parsers/qwen3coder_output_parser_test.cpp,//src:test_llm_output_parser_tests,14,0,1,0,0,0,0,8,23
src/test/llm/output_parsers/stream_output_cache_test.cpp,//src:test_llm_output_parser_tests,14,0,1,0,0,0,0,8,23
src/test/mediapipe/calculators/exceptionduringclosecalculator.cpp,//src/test/mediapipe/calculators:mediapipe_test_calculators,244,1,1,1,1,1,1,71,321
src/test/mediapipe/calculators/exceptionduringgetcontractcalculator.cpp,//src/test/mediapipe/calculators:mediapipe_test_calculators,244,1,1,1,1,1,1,71,321
src/test/mediapipe/calculators/exceptionduringopencalculator.cpp,//src/test/mediapipe/calculators:mediapipe_test_calculators,244,1,1,1,1,1,1,71,321
src/test/mediapipe/calculators/exceptionduringprocesscalculator.cpp,//src/test/mediapipe/calculators:mediapipe_test_calculators,244,1,1,1,1,1,1,71,321
src/test/mediapipe/calculators/multipart_accepting_calculator.cpp,//src/test/mediapipe/calculators:dependency_free_http_test_calculators,3,0,0,1,1,0,1,35,41
src/test/mediapipe/calculators/negative_calculator.cc,//src/test/mediapipe/calculators:mediapipe_test_calculators,244,1,1,1,1,1,1,71,321
src/test/mediapipe/calculators/nooutputstreamsproducedcalculator.cpp,//src/test/mediapipe/calculators:mediapipe_test_calculators,244,1,1,1,1,1,1,71,321
src/test/mediapipe/calculators/openai_chat_completions_mock_calculator.cpp,//src/test/mediapipe/calculators:dependency_free_http_test_calculators,3,0,0,1,1,0,1,35,41
src/test/mediapipe/calculators/ovms_calculator.cc,//src/test/mediapipe/calculators:mediapipe_test_calculators,244,1,1,1,1,1,1,71,321
src/test/mediapipe/calculators/ovms_image_input_calculator.cc,//src/test/mediapipe/calculators:mediapipe_test_calculators,244,1,1,1,1,1,1,71,321
src/test/mediapipe/calculators/ovms_kfs_calculator.cc,//src/test/mediapipe/calculators:mediapipe_test_calculators,244,1,1,1,1,1,1,71,321
src/test/mediapipe/calculators/ovmscalculator.pb.cc,//src/test/mediapipe/calculators:ovmscalculatoroptions_cc_proto,0,0,0,0,1,0,1,1,3
src/test/mediapipe/calculators/ovmscalculatoroptions_options_lib.cc,//src/test/mediapipe/calculators:ovmscalculatoroptions_options_registry,1,0,0,0,1,0,1,8,11
src/test/mediapipe/calculators/streaming_test_calculator.cpp,//src/test/mediapipe/calculators:mediapipe_test_calculators,244,1,1,1,1,1,1,71,321
src/test/mediapipe/calculators/two_input_calculator.cpp,//src/test/mediapipe/calculators:mediapipe_test_calculators,244,1,1,1,1,1,1,71,321
src/test/network_utils_test.cpp,//src:network_utils_test,247,1,1,1,1,1,1,71,324
src/test/openvino_remote_tensors_tests.cpp,//src:openvino_remote_tensors_tests,250,1,1,1,1,1,1,71,327
src/test/openvino_tests.cpp,//src:openvino_tests,247,1,1,1,1,1,1,71,324
src/test/optimum_cli_mock.cpp,//src:optimum-cli,0,0,0,0,0,0,0,0,0
src/test/platform_utils.cpp,//src:test_platform_utils,0,0,0,0,0,0,0,3,3
src/test/pull_gguf_hf_model_test.cpp,//src:pull_gguf_hf_model_test,249,1,1,1,1,1,1,71,326
src/test/pull_hf_model_test.cpp,//src:pull_hf_model_test,250,1,1,1,1,1,1,71,327
src/test/python_environment.cpp,//src:libtest_pythonenvironment,0,0,0,0,0,0,0,6,6
src/test/test_cmd_exec.cpp,//src:test_cmd_exec,3,0,0,0,0,0,0,7,10
src/test/test_file_utils.cpp,//src:test_file_utils,0,0,0,0,0,0,0,0,0
src/test/test_utils.cpp,//src:test_utils,246,1,1,1,1,1,1,71,323
src/test/test_with_temp_dir.cpp,//src:test_test_with_temp_dir,2,0,0,0,0,0,0,7,9
src/test/text2image_test.cpp,//src:text2image_test,247,1,1,1,1,1,1,71,324
src/test/tokenize_parser_test.cpp,//src:tokenize_parser_tests,5,1,0,0,1,0,1,13,21
src/tfs_frontend/deserialization.cpp,//src:tfs_deserialization,25,1,0,1,0,0,1,23,51
src/tfs_frontend/serialization.cpp,//src:tfs_serialization,21,1,0,1,0,0,1,23,47
src/tfs_frontend/tensor_conversion.cpp,//src:tfs_backend_impl,65,1,0,1,0,0,1,26,94
src/tfs_frontend/tfs_backend_impl.cpp,//src:tfs_backend_impl,65,1,0,1,0,0,1,26,94
src/tfs_frontend/tfs_request_utils.cpp,//src:tfs_request_utils,27,1,0,1,0,0,1,23,53
src/tfs_frontend/tfs_utils.cpp,//src:tfs_utils,18,1,0,1,0,0,1,23,44
src/tfs_frontend/validation.cpp,//src:tfs_validation,22,1,0,1,0,0,1,23,48
src/tokenize/tokenize_parser.cpp,//src/tokenize:tokenize_parser,4,1,0,0,1,0,1,11,18
src/utils/env_guard.cpp,//src/utils:env_guard,1,0,0,0,0,0,0,7,8
src/utils/rapidjson_utils.cpp,//src/utils:rapidjson_utils,3,0,0,0,0,0,0,1,4
src/vaapitensorfactory.cpp,//src:libovmstensorfactory,4,1,0,0,0,0,0,4,9
src/version.cpp,//src:libovms_version_impl,1,1,1,0,0,0,0,0,3
