file,target,rdep_targets,impacted_srcs
src/anonymous_input_name.cpp,//src:anonymous_input_name,72,179
src/audio/audio_utils.cpp,//src/audio:audio_utils,19,133
src/audio/speech_to_text/s2t_calculator.cc,//src/audio/speech_to_text:s2t_calculator,17,130
src/audio/speech_to_text/s2t_calculator.pb.cc,//src/audio/speech_to_text:s2t_calculator_cc_proto,20,132
src/audio/speech_to_text/s2t_calculator_options_lib.cc,//src/audio/speech_to_text:s2t_calculator_options_registry,1,1
src/audio/speech_to_text/stt_node_initializer.cpp,//src/audio/speech_to_text:s2t_calculator,17,130
src/audio/text_to_speech/t2s_calculator.cc,//src/audio/text_to_speech:t2s_calculator,17,130
src/audio/text_to_speech/t2s_calculator.pb.cc,//src/audio/text_to_speech:t2s_calculator_cc_proto,21,133
src/audio/text_to_speech/t2s_calculator_options_lib.cc,//src/audio/text_to_speech:t2s_calculator_options_registry,1,1
src/audio/text_to_speech/t2s_servable.cpp,//src/audio/text_to_speech:t2s_servable,18,131
src/audio/text_to_speech/tts_node_initializer.cpp,//src/audio/text_to_speech:t2s_calculator,17,130
src/capi_frontend/buffer.cpp,//src:libovmscapibuffer,46,159
src/capi_frontend/capi.cpp,//src:ovms_lib,16,128
src/capi_frontend/capi_backend_impls.cpp,//src:capi_backend_impl,17,130
src/capi_frontend/capi_dag_utils.cpp,//src:capi_dag_utils,18,130
src/capi_frontend/capi_request_utils.cpp,//src:capi_request_utils,21,134
src/capi_frontend/capi_utils.cpp,//src:libovmscapi_utils,22,134
src/capi_frontend/capi_validation.cpp,//src:capi_validation,18,131
src/capi_frontend/capimodule.cpp,//src:capimodule,17,129
src/capi_frontend/deserialization.cpp,//src:capi_deserialization,19,132
src/capi_frontend/inferenceparameter.cpp,//src:capiinferenceparameter,28,140
src/capi_frontend/inferencerequest.cpp,//src:inferencerequest,26,138
src/capi_frontend/inferenceresponse.cpp,//src:inferenceresponse,26,138
src/capi_frontend/inferencetensor.cpp,//src:inferencetensor,28,140
src/capi_frontend/servablemetadata.cpp,//src:libovms_capi_servable_metadata,17,129
src/capi_frontend/server_settings.cpp,//src:libovms_server_settings,39,152
src/capi_frontend/tensor_conversion.cpp,//src:capi_backend_impl,17,130
src/cleaner_utils.cpp,//src:cleaner_utils,19,131
src/cli_parser.cpp,//src:libovms_cliparser,24,137
src/color_format_configuration.cpp,//src:libovmscolor_format_configuration,40,153
src/config.cpp,//src:libovms_config,23,136
src/config_export_module/config_export.cpp,//src/config_export_module:config_export,19,131
src/custom_nodes/add_one/add_one.cpp,//src:libcustom_node_add_one.so,0,2
src/custom_nodes/common/buffersqueue.cpp,//src:custom_nodes_common_buffersqueue,4,98
src/custom_nodes/common/custom_node_library_internal_manager.cpp,//src:libcustom_node_add_one.so,0,2
src/custom_nodes/common/custom_node_library_internal_manager.cpp,//src:libcustom_node_model_zoo_intel_object_detection.so,1,4
src/custom_nodes/east_ocr/east_ocr.cpp,//src:libcustom_node_east_ocr.so,1,3
src/custom_nodes/face_blur/face_blur.cpp,//src:libcustom_node_face_blur.so,1,3
src/custom_nodes/horizontal_ocr/horizontal_ocr.cpp,//src:libcustom_node_horizontal_ocr.so,1,3
src/custom_nodes/image_transformation/image_transformation.cpp,//src:libcustom_node_image_transformation.so,1,3
src/custom_nodes/model_zoo_intel_object_detection/model_zoo_intel_object_detection.cpp,//src:libcustom_node_model_zoo_intel_object_detection.so,1,4
src/customloaders.cpp,//src:customloaders,22,134
src/dags/custom_node.cpp,//src/dags:custom_node,25,137
src/dags/custom_node_library_manager.cpp,//src/dags:custom_node_library_manager,20,132
src/dags/custom_node_output_allocator.cpp,//src/dags:custom_node_output_allocator,27,139
src/dags/customnodesession.cpp,//src/dags:customnodesession,26,138
src/dags/dag_capi.cpp,//src/dags:dag_capi,17,129
src/dags/dag_kfs.cpp,//src/dags:dag_kfs,17,129
src/dags/dag_tfs.cpp,//src/dags:dag_tfs,17,129
src/dags/dl_node.cpp,//src/dags:dl_node,25,137
src/dags/dlnodesession.cpp,//src/dags:dlnodesession,26,138
src/dags/gathernodeinputhandler.cpp,//src/dags:gathernodeinputhandler,35,144
src/dags/node.cpp,//src/dags:node,32,142
src/dags/node_library.cpp,//src/dags:node_library,32,142
src/dags/node_library_utils.cpp,//src/dags:node_library_utils,27,139
src/dags/nodeinputhandler.cpp,//src/dags:nodeinputhandler,36,145
src/dags/nodesession.cpp,//src/dags:nodesession,34,143
src/dags/nodesessionmetadata.cpp,//src/dags:nodesessionmetadata,36,145
src/dags/nodestreamidguard.cpp,//src/dags:nodestreamidguard,27,139
src/dags/pipeline.cpp,//src/dags:pipeline,25,137
src/dags/pipeline_config_parser.cpp,//src/dags:pipeline_config_parser,19,131
src/dags/pipeline_factory.cpp,//src/dags:pipeline_factory,23,135
src/dags/pipelinedefinition.cpp,//src/dags:pipelinedefinition,24,136
src/dags/pipelinedefinitionstatus.cpp,//src/dags:pipelinedefinitionstatus,41,156
src/deserialization_common.cpp,//src:deserialization_common,31,144
src/drogon_http_async_writer_impl.cpp,//src:libdrogon_http_server,17,130
src/drogon_http_server.cpp,//src:libdrogon_http_server,17,130
src/embeddings/embeddings_api.cpp,//src/embeddings:embeddings_api,19,132
src/embeddings/embeddings_calculator.pb.cc,//src/embeddings:embeddings_calculator_cc_proto,2,2
src/embeddings/embeddings_calculator_options_lib.cc,//src/embeddings:embeddings_calculator_options_registry,1,1
src/embeddings/embeddings_calculator_ov.cc,//src/embeddings:embeddingscalculator_ov,17,130
src/embeddings/embeddings_calculator_ov.pb.cc,//src/embeddings:embeddings_calculator_ov_cc_proto,21,133
src/embeddings/embeddings_calculator_ov_options_lib.cc,//src/embeddings:embeddings_calculator_ov_options_registry,1,1
src/embeddings/embeddings_node_initializer.cpp,//src/embeddings:embeddingscalculator_ov,17,130
src/embeddings/embeddings_servable.cpp,//src/embeddings:embeddings_servable,18,131
src/executingstreamidguard.cpp,//src:executingstreamidguard,34,151
src/filesystem/azurefilesystem.cpp,//src/filesystem:libovmsazurefilesystem,20,133
src/filesystem/azurestorage.cpp,//src/filesystem:libovmsazurefilesystem,20,133
src/filesystem/filesystem.cpp,//src/filesystem:libovmsfilesystem,79,213
src/filesystem/filesystemfactory.cpp,//src/filesystem:libovmsfilesystemfactory,19,131
src/filesystem/gcsfilesystem.cpp,//src/filesystem:libovmsgcsfilesystem,20,132
src/filesystem/localfilesystem.cpp,//src/filesystem:libovmslocalfilesystem,36,149
src/filesystem/s3filesystem.cpp,//src/filesystem:libovmss3filesystem,20,132
src/get_model_metadata_impl.cpp,//src:ovms_lib,16,128
src/global_sequences_viewer.cpp,//src:global_sequences_viewer,22,134
src/graph_export/embeddings_graph_cli_parser.cpp,//src/graph_export:embeddings_graph_cli_parser,25,138
src/graph_export/graph_cli_parser.cpp,//src/graph_export:graph_cli_parser,30,143
src/graph_export/graph_export.cpp,//src/graph_export:graph_export,19,131
src/graph_export/image_generation_graph_cli_parser.cpp,//src/graph_export:image_generation_graph_cli_parser,25,138
src/graph_export/rerank_graph_cli_parser.cpp,//src/graph_export:rerank_graph_cli_parser,25,138
src/graph_export/s2t_graph_cli_parser.cpp,//src/graph_export:s2t_graph_cli_parser,25,138
src/graph_export/t2s_graph_cli_parser.cpp,//src/graph_export:t2s_graph_cli_parser,25,138
src/grpc_utils.cpp,//src:grpc_utils,17,129
src/grpcservermodule.cpp,//src:ovms_lib,16,128
src/http_frontend/http_graph_executor_impl.cpp,//src:libovms_mediapipe_http_executor,17,129
src/http_frontend/multi_part_parser_drogon_impl.cpp,//src:libmultipart_parser_drogon_impl,17,129
src/http_rest_api_handler.cpp,//src:ovms_lib,16,128
src/http_server.cpp,//src:ovms_lib,16,128
src/httpservermodule.cpp,//src:ovms_lib,16,128
src/image_conversion.cpp,//src:image_conversion,25,149
src/image_gen/http_image_gen_calculator.cc,//src/image_gen:image_gen_calculator,17,130
src/image_gen/image_gen_calculator.pb.cc,//src/image_gen:image_gen_calculator_cc_proto,21,133
src/image_gen/image_gen_calculator_options_lib.cc,//src/image_gen:image_gen_calculator_options_registry,1,1
src/image_gen/image_gen_node_initializer.cpp,//src/image_gen:image_gen_calculator,17,130
src/image_gen/imagegen_init.cpp,//src/image_gen:imagegen_init,18,131
src/image_gen/imagegenutils.cpp,//src/image_gen:imagegenutils,19,132
src/image_gen/pipelines.cpp,//src/image_gen:pipelines,18,131
src/json_parser.cpp,//src:libmodelconfigjsonparser,52,180
src/kfs_frontend/deserialization.cpp,//src:kfs_deserialization,19,132
src/kfs_frontend/kfs_backend_impl.cpp,//src:kfs_backend_impl,17,130
src/kfs_frontend/kfs_graph_executor_impl.cpp,//src:libovms_mediapipe_kfs_executor,17,129
src/kfs_frontend/kfs_grpc_inference_service.cpp,//src:ovms_lib,16,128
src/kfs_frontend/kfs_request_utils.cpp,//src:kfs_request_utils,19,132
src/kfs_frontend/kfs_utils.cpp,//src:libovms_kfs_utils,25,139
src/kfs_frontend/serialization.cpp,//src:kfs_serialization,19,132
src/kfs_frontend/tensor_conversion.cpp,//src:kfs_backend_impl,17,130
src/kfs_frontend/validation.cpp,//src:kfs_validation,18,131
src/kfserving_api/grpc_predict_v2.grpc.pb.cc,//src/kfserving_api:kfserving_api_cpp,28,143
src/kfserving_api/grpc_predict_v2.pb.cc,//src/kfserving_api:kfserving_api_cpp,28,143
src/layout.cpp,//src:libovmslayout,95,203
src/layout_configuration.cpp,//src:libovmslayout_configuration,40,153
src/llm/apis/openai_api_handler.cpp,//src/llm:openai_api_handler,21,144
src/llm/apis/openai_completions.cpp,//src/llm:openai_completions_api_handler,19,142
src/llm/apis/openai_responses.cpp,//src/llm:openai_responses_handler,19,142
src/llm/http_llm_calculator.cc,//src/llm:llmcalculator,17,130
src/llm/io_processing/base_generation_config_builder.cpp,//src/llm:generation_config_builders,19,146
src/llm/io_processing/base_output_parser.cpp,//src/llm:io_processing_base_output_parser,25,167
src/llm/io_processing/devstral/generation_config_builder.cpp,//src/llm:generation_config_builders,19,146
src/llm/io_processing/devstral/tool_parser.cpp,//src/llm:output_parsers,23,165
src/llm/io_processing/gptoss/harmony.cpp,//src/llm:output_parsers,23,165
src/llm/io_processing/gptoss/reasoning_parser.cpp,//src/llm:output_parsers,23,165
src/llm/io_processing/gptoss/tool_parser.cpp,//src/llm:output_parsers,23,165
src/llm/io_processing/hermes3/generation_config_builder.cpp,//src/llm:generation_config_builders,19,146
src/llm/io_processing/hermes3/tool_parser.cpp,//src/llm:output_parsers,23,165
src/llm/io_processing/llama3/generation_config_builder.cpp,//src/llm:generation_config_builders,19,146
src/llm/io_processing/llama3/tool_parser.cpp,//src/llm:output_parsers,23,165
src/llm/io_processing/mistral/tool_parser.cpp,//src/llm:output_parsers,23,165
src/llm/io_processing/output_parser.cpp,//src/llm:output_parsers,23,165
src/llm/io_processing/partial_json_builder.cpp,//src/llm:partial_json_builder,24,166
src/llm/io_processing/phi4/generation_config_builder.cpp,//src/llm:generation_config_builders,19,146
src/llm/io_processing/phi4/tool_parser.cpp,//src/llm:output_parsers,23,165
src/llm/io_processing/qwen3/reasoning_parser.cpp,//src/llm:output_parsers,23,165
src/llm/io_processing/qwen3coder/qwen3coder_tool_parser.cpp,//src/llm:io_processing_qwen3coder_tool_parser,24,166
src/llm/io_processing/utils.cpp,//src/llm:io_processing_utils,26,168
src/llm/language_model/continuous_batching/servable.cpp,//src/llm:genai_servables,18,141
src/llm/language_model/continuous_batching/servable_initializer.cpp,//src/llm:genai_servables,18,141
src/llm/language_model/legacy/legacy_executor.cpp,//src/llm:genai_servables,18,141
src/llm/language_model/legacy/servable.cpp,//src/llm:genai_servables,18,141
src/llm/language_model/legacy/servable_initializer.cpp,//src/llm:genai_servables,18,141
src/llm/llm_calculator.pb.cc,//src/llm:llmcalculator_cc_proto,21,143
src/llm/llm_node_initializer.cpp,//src/llm:llmcalculator,17,130
src/llm/llmcalculator_options_lib.cc,//src/llm:llmcalculator_options_registry,1,1
src/llm/py_jinja_template_processor.cpp,//src/llm:py_jinja_template_processor,19,142
src/llm/servable.cpp,//src/llm:genai_servables,18,141
src/llm/servable_initializer.cpp,//src/llm:genai_servables,18,141
src/llm/visual_language_model/continuous_batching/servable.cpp,//src/llm:genai_servables,18,141
src/llm/visual_language_model/legacy/legacy_executor.cpp,//src/llm:genai_servables,18,141
src/llm/visual_language_model/legacy/servable.cpp,//src/llm:genai_servables,18,141
src/llm/visual_language_model/legacy/servable_initializer.cpp,//src/llm:genai_servables,18,141
src/logging.cpp,//src:libovmslogging,199,349
src/main.cpp,//src:ovms,0,2
src/main_benchmark.cpp,//src:capi_benchmark,0,1
src/main_capi.cpp,//src:capi_cpp_example,0,1
src/main_windows.cpp,//src:ovms,0,2
src/mediapipe_calculators/ovmscalculator.pb.cc,//src:ovmscalculatoroptions_cc_proto,2,2
src/mediapipe_internal/mediapipe_utils.cpp,//src/mediapipe_internal:mediapipe_utils,27,154
src/mediapipe_internal/mediapipefactory.cpp,//src/mediapipe_internal:libovms_mediapipe,21,136
src/mediapipe_internal/mediapipegraphconfig.cpp,//src/mediapipe_internal:libovms_mediapipe,21,136
src/mediapipe_internal/mediapipegraphdefinition.cpp,//src/mediapipe_internal:libovms_mediapipe,21,136
src/mediapipe_internal/mediapipegraphexecutor.cpp,//src/mediapipe_internal:libovms_mediapipe,21,136
src/mediapipe_internal/node_initializer.cpp,//src/mediapipe_internal:node_initializer,30,152
src/metrics/metric.cpp,//src/metrics:libovmsmetrics,44,166
src/metrics/metric_config.cpp,//src/metrics:libovmsmetrics,44,166
src/metrics/metric_family.cpp,//src/metrics:libovmsmetrics,44,166
src/metrics/metric_module.cpp,//src/metrics:libovmsmetrics,44,166
src/metrics/metric_registry.cpp,//src/metrics:libovmsmetrics,44,166
src/model.cpp,//src:model,19,131
src/model_metric_reporter.cpp,//src:model_metric_reporter,43,161
src/model_service.cpp,//src:ovms_lib,16,128
src/model_version_policy.cpp,//src:libovmsmodelversioning,121,250
src/modelchangesubscription.cpp,//src:modelchangesubscription,36,149
src/modelconfig.cpp,//src:modelconfig,39,152
src/modelextensions.cpp,//src:modelextensions,38,151
src/modelinstance.cpp,//src:modelinstance,21,133
src/modelinstanceunloadguard.cpp,//src:modelinstanceunloadguard,34,148
src/modelmanager.cpp,//src:modelmanager,18,130
src/modelversionstatus.cpp,//src:libovmsmodelversionstatus,58,171
src/module_names.cpp,//src:cpp_headers,117,247
src/net_http_async_writer_impl.cpp,//src:libnet_http_server,17,129
src/network_utils.cpp,//src:network_utils,17,129
src/ocl_utils.cpp,//src:libovmsoclutils,2,93
src/opencltensorfactory.cpp,//src:libovmstensorfactory,27,140
src/outputkeeper.cpp,//src:libovms_outputkeeper,36,149
src/ov_utils.cpp,//src:libovms_ov_utils,53,166
src/ovinferrequestsqueue.cpp,//src:libovms_ovinferrequestsqueue,43,157
src/ovmscalculatoroptions_options_lib.cc,//src:ovmscalculatoroptions_options_registry,1,1
src/precision.cpp,//src:libovmsprecision,107,230
src/precision_configuration.cpp,//src:libovmsprecision_configuration,40,153
src/predict_request_validation_utils_impl.cpp,//src:predict_request_validation_utils_impl,58,168
src/prediction_service.cpp,//src:ovms_lib,16,128
src/profiler.cpp,//src:libovmsprofiler,89,214
src/profilermodule.cpp,//src:libovmsprofiler,89,214
src/pull_module/cmd_exec.cpp,//src/pull_module:cmd_exec,21,133
src/pull_module/gguf_downloader.cpp,//src/pull_module:gguf_downloader,18,130
src/pull_module/hf_pull_model_module.cpp,//src/pull_module:hf_pull_model_module,17,129
src/pull_module/libgit2.cpp,//src/pull_module:libgit2,18,130
src/pull_module/model_downloader.cpp,//src/pull_module:model_downloader,21,133
src/pull_module/optimum_export.cpp,//src/pull_module:optimum_export,18,130
src/python/binding/ovms_py_tensor.cpp,//src/python/binding:pyovms.so,0,1
src/python/ovms_py_tensor.cpp,//src/python:ovmspytensor,26,142
src/python/pytensor_ovtensor_converter_calculator.cc,//src/python:pytensorovtensorconvertercalculator,23,138
src/python/pytensor_ovtensor_converter_calculator.pb.cc,//src/python:pytensorovtensorconvertercalculator_cc_proto,26,140
src/python/pytensorovtensorconvertercalculator_options_lib.cc,//src/python:pytensorovtensorconvertercalculator_options_registry,1,1
src/python/python_backend.cpp,//src/python:pythonbackend,25,141
src/python/python_executor_calculator.cc,//src/python:pythonexecutorcalculator,23,139
src/python/python_executor_calculator.pb.cc,//src/python:pythonexecutorcalculator_cc_proto,27,142
src/python/python_node_initializer.cpp,//src/python:pythonexecutorcalculator,23,139
src/python/pythonexecutorcalculator_options_lib.cc,//src/python:pythonexecutorcalculator_options_registry,1,1
src/python/pythoninterpretermodule.cpp,//src/python:libovmspythonmodule,22,137
src/python/pythonnoderesources.cpp,//src/python:pythonnoderesources,24,140
src/regularovtensorfactory.cpp,//src:libovmstensorfactory,27,140
src/rerank/rerank_calculator.cc,//src/rerank:rerankcalculator,17,129
src/rerank/rerank_calculator.pb.cc,//src/rerank:rerank_calculator_cc_proto,20,131
src/rerank/rerank_calculator_options_lib.cc,//src/rerank:rerank_calculator_options_registry,1,1
src/rerank/rerank_calculator_ov.cc,//src/rerank:rerankcalculator_ov,17,130
src/rerank/rerank_calculator_ov.pb.cc,//src/rerank:rerank_calculator_ov_cc_proto,20,132
src/rerank/rerank_calculator_ov_options_lib.cc,//src/rerank:rerank_calculator_ov_options_registry,1,1
src/rerank/rerank_node_initializer.cpp,//src/rerank:rerankcalculator_ov,17,130
src/rerank/rerank_utils.cpp,//src/rerank:rerank_api_handler,19,132
src/rest_parser.cpp,//src:rest_parser_utils,17,130
src/rest_utils.cpp,//src:rest_parser_utils,17,130
src/schema.cpp,//src:libovmsschema,55,177
src/sequence.cpp,//src:libovms_sequence,31,144
src/sequence_manager.cpp,//src:libovms_sequence_manager,30,143
src/serialization_common.cpp,//src:serialization_common,30,143
src/servable_definition_unload_guard.cpp,//src:libovms_single_version_servable_definition,28,144
src/servablemanagermodule.cpp,//src:servablemanagermodule,17,129
src/servables_config_manager_module/listmodels.cpp,//src/servables_config_manager_module:listmodels,18,130
src/servables_config_manager_module/servablesconfigmanagermodule.cpp,//src/servables_config_manager_module:servablesconfigmanagermodule,17,129
src/server.cpp,//src:ovms_lib,16,128
src/shape.cpp,//src:libovmsshape,99,205
src/sidepacket_servable.cpp,//src:sidepacket_servable,21,134
src/single_version_servable_definition.cpp,//src:libovms_single_version_servable_definition,28,144
src/statefulmodelinstance.cpp,//src:statefulmodelinstance,20,132
src/status.cpp,//src:libovmsstatus,160,306
src/stringutils.cpp,//src:libovmsstring_utils,162,309
src/systeminfo.cpp,//src:libovms_systeminfo,24,137
src/tensor_conversion.cpp,//src:tensor_conversion,34,147
src/tensor_conversion_common.cpp,//src:tensor_conversion_common,34,150
src/tensorinfo.cpp,//src:libovms_tensorinfo,89,197
src/test/audio/speech2text_test.cpp,//src:ovms_test,0,91
src/test/audio/text2speech_test.cpp,//src:ovms_test,0,91
src/test/azurefilesystem_test.cpp,//src:ovms_test,0,91
src/test/c_api_stress_tests.cpp,//src:ovms_test,0,91
src/test/c_api_test_utils.cpp,//src:test_utils,10,102
src/test/c_api_tests.cpp,//src:ovms_test,0,91
src/test/capi_predict_validation_test.cpp,//src:ovms_test,0,91
src/test/config_export_full_test.cpp,//src:config_export_full_test,1,92
src/test/config_export_test.cpp,//src:config_export_test,1,92
src/test/constructor_enabled_model_manager.cpp,//src:test_constructor_enabled_model_manager,2,93
src/test/custom_node_buffersqueue_test.cpp,//src:ovms_test,0,91
src/test/custom_node_output_allocator_test.cpp,//src:ovms_test,0,91
src/test/custom_nodes/node_choose_maximum.cpp,//src:lib_node_choose_maximum.so,0,1
src/test/custom_nodes/node_dynamic_demultiplex.cpp,//src:lib_node_dynamic_demultiplex.so,0,1
src/test/custom_nodes/node_perform_different_operations.cpp,//src:lib_node_perform_different_operations.so,0,1
src/test/demultiplexer_node_test.cpp,//src:ovms_test,0,91
src/test/deserialization_tests.cpp,//src:ovms_test,0,91
src/test/disabled_mediapipe_test.cpp,//src:ovms_test,0,91
src/test/embeddings_handler_test.cpp,//src:embeddings_handler_tests,1,92
src/test/embeddingsnode_test.cpp,//src:ovms_test,0,91
src/test/ensemble_config_change_stress.cpp,//src:ovms_test,0,91
src/test/ensemble_flow_custom_node_tests.cpp,//src:ovms_test,0,91
src/test/ensemble_mapping_config_tests.cpp,//src:ovms_test,0,91
src/test/ensemble_metadata_test.cpp,//src:ovms_test,0,91
src/test/ensemble_tests.cpp,//src:ovms_test,0,91
src/test/environment.cpp,//src:libtest_environment,3,94
src/test/gather_node_test.cpp,//src:ovms_test,0,91
src/test/gcsfilesystem_test.cpp,//src:ovms_test,0,91
src/test/get_mediapipe_graph_metadata_response_test.cpp,//src:ovms_test,0,91
src/test/get_model_metadata_response_test.cpp,//src:ovms_test,0,91
src/test/get_model_metadata_signature_test.cpp,//src:ovms_test,0,91
src/test/get_model_metadata_validation_test.cpp,//src:ovms_test,0,91
src/test/get_pipeline_metadata_response_test.cpp,//src:ovms_test,0,91
src/test/gguf_environment.cpp,//src:test_gguf_environment,2,93
src/test/gpuenvironment.cpp,//src:libtest_gpuenvironment,2,93
src/test/graph_export_test.cpp,//src:graph_export_test,1,92
src/test/http_openai_handler_test.cpp,//src:ovms_test,0,91
src/test/http_rest_api_handler_test.cpp,//src:ovms_test,0,91
src/test/inferencerequest_test.cpp,//src:inferencerequest_test,1,92
src/test/kfs_metadata_test.cpp,//src:ovms_test,0,91
src/test/kfs_rest_parser_test.cpp,//src:ovms_test,0,91
src/test/kfs_rest_test.cpp,//src:ovms_test,0,91
src/test/layout_test.cpp,//src:ovms_test,0,91
src/test/libgit2_test.cpp,//src:libgit2_test,1,92
src/test/light_test_utils.cpp,//src:test_light_test_utils,13,105
src/test/listdirectorymodels_test.cpp,//src:listdirectorymodels_test,1,92
src/test/listmodelsendpoint_test.cpp,//src:ovms_test,0,91
src/test/llm/assisted_decoding_test.cpp,//src:ovms_test,0,91
src/test/llm/llmnode_test.cpp,//src:ovms_test,0,91
src/test/llm/llmtemplate_test.cpp,//src:ovms_test,0,91
src/test/llm/max_model_length_test.cpp,//src:ovms_test,0,91
src/test/llm/output_parsers/base_output_parser_test.cpp,//src:test_llm_output_parser_tests,1,102
src/test/llm/output_parsers/devstral_output_parser_test.cpp,//src:test_llm_output_parser_tests,1,102
src/test/llm/output_parsers/gptoss_output_parser_test.cpp,//src:test_llm_output_parser_tests,1,102
src/test/llm/output_parsers/hermes3_output_parser_test.cpp,//src:test_llm_output_parser_tests,1,102
src/test/llm/output_parsers/llama3_output_parser_test.cpp,//src:test_llm_output_parser_tests,1,102
src/test/llm/output_parsers/mistral_output_parser_test.cpp,//src:test_llm_output_parser_tests,1,102
src/test/llm/output_parsers/partial_json_builder_test.cpp,//src:test_llm_output_parser_tests,1,102
src/test/llm/output_parsers/phi4_output_parser_test.cpp,//src:test_llm_output_parser_tests,1,102
src/test/llm/output_parsers/qwen3_output_parser_test.cpp,//src:test_llm_output_parser_tests,1,102
src/test/llm/output_parsers/qwen3coder_output_parser_test.cpp,//src:test_llm_output_parser_tests,1,102
src/test/llm/output_parsers/stream_output_cache_test.cpp,//src:test_llm_output_parser_tests,1,102
src/test/llm/text_streamer_test.cpp,//src:ovms_test,0,91
src/test/llm/tokenize_endpoint_test.cpp,//src:ovms_test,0,91
src/test/llm/visual_language_model/complete_flow_test.cpp,//src:ovms_test,0,91
src/test/llm/visual_language_model/initialization_test.cpp,//src:ovms_test,0,91
src/test/localfilesystem_test.cpp,//src:ovms_test,0,91
src/test/mediapipe/calculators/exceptionduringclosecalculator.cpp,//src/test/mediapipe/calculators:mediapipe_test_calculators,1,102
src/test/mediapipe/calculators/exceptionduringgetcontractcalculator.cpp,//src/test/mediapipe/calculators:mediapipe_test_calculators,1,102
src/test/mediapipe/calculators/exceptionduringopencalculator.cpp,//src/test/mediapipe/calculators:mediapipe_test_calculators,1,102
src/test/mediapipe/calculators/exceptionduringprocesscalculator.cpp,//src/test/mediapipe/calculators:mediapipe_test_calculators,1,102
src/test/mediapipe/calculators/multipart_accepting_calculator.cpp,//src/test/mediapipe/calculators:dependency_free_http_test_calculators,1,93
src/test/mediapipe/calculators/negative_calculator.cc,//src/test/mediapipe/calculators:mediapipe_test_calculators,1,102
src/test/mediapipe/calculators/nooutputstreamsproducedcalculator.cpp,//src/test/mediapipe/calculators:mediapipe_test_calculators,1,102
src/test/mediapipe/calculators/openai_chat_completions_mock_calculator.cpp,//src/test/mediapipe/calculators:dependency_free_http_test_calculators,1,93
src/test/mediapipe/calculators/ovms_calculator.cc,//src/test/mediapipe/calculators:mediapipe_test_calculators,1,102
src/test/mediapipe/calculators/ovms_image_input_calculator.cc,//src/test/mediapipe/calculators:mediapipe_test_calculators,1,102
src/test/mediapipe/calculators/ovms_kfs_calculator.cc,//src/test/mediapipe/calculators:mediapipe_test_calculators,1,102
src/test/mediapipe/calculators/ovmscalculator.pb.cc,//src/test/mediapipe/calculators:ovmscalculatoroptions_cc_proto,4,104
src/test/mediapipe/calculators/ovmscalculatoroptions_options_lib.cc,//src/test/mediapipe/calculators:ovmscalculatoroptions_options_registry,1,1
src/test/mediapipe/calculators/streaming_test_calculator.cpp,//src/test/mediapipe/calculators:mediapipe_test_calculators,1,102
src/test/mediapipe/calculators/two_input_calculator.cpp,//src/test/mediapipe/calculators:mediapipe_test_calculators,1,102
src/test/mediapipe/inputsidepacketusertestcalc.cc,//src:ovms_test,0,91
src/test/mediapipe_framework_test.cpp,//src:ovms_test,0,91
src/test/mediapipe_validation_test.cpp,//src:ovms_test,0,91
src/test/mediapipeflow_test.cpp,//src:ovms_test,0,91
src/test/metric_config_test.cpp,//src:ovms_test,0,91
src/test/metrics_flow_test.cpp,//src:ovms_test,0,91
src/test/metrics_test.cpp,//src:ovms_test,0,91
src/test/model_cache_test.cpp,//src:ovms_test,0,91
src/test/model_service_test.cpp,//src:ovms_test,0,91
src/test/model_test.cpp,//src:ovms_test,0,91
src/test/model_version_policy_test.cpp,//src:ovms_test,0,91
src/test/modelconfig_test.cpp,//src:ovms_test,0,91
src/test/modelinstance_test.cpp,//src:ovms_test,0,91
src/test/modelmanager_test.cpp,//src:ovms_test,0,91
src/test/modelversionstatus_test.cpp,//src:ovms_test,0,91
src/test/multi_part_parser_drogon_test.cpp,//src:ovms_test,0,91
src/test/multipart_calculator_test.cpp,//src:ovms_test,0,91
src/test/network_utils_test.cpp,//src:network_utils_test,1,92
src/test/node_library_manager_test.cpp,//src:ovms_test,0,91
src/test/nodesessionmetadata_test.cpp,//src:ovms_test,0,91
src/test/openvino_remote_tensors_tests.cpp,//src:openvino_remote_tensors_tests,1,92
src/test/openvino_tests.cpp,//src:openvino_tests,1,92
src/test/optimum_cli_mock.cpp,//src:optimum-cli,1,92
src/test/ov_utils_test.cpp,//src:ovms_test,0,91
src/test/ovinferrequestqueue_test.cpp,//src:ovms_test,0,91
src/test/ovmsconfig_test.cpp,//src:ovms_test,0,91
src/test/pipelinedefinitionstatus_test.cpp,//src:ovms_test,0,91
src/test/platform_utils.cpp,//src:test_platform_utils,15,117
src/test/predict_validation_test.cpp,//src:ovms_test,0,91
src/test/prediction_service_test.cpp,//src:ovms_test,0,91
src/test/pull_gguf_hf_model_test.cpp,//src:pull_gguf_hf_model_test,1,92
src/test/pull_hf_model_test.cpp,//src:pull_hf_model_test,1,92
src/test/python_environment.cpp,//src:libtest_pythonenvironment,1,92
src/test/pythonnode_test.cpp,//src:ovms_test,0,91
src/test/rerank_chunking_test.cpp,//src:ovms_test,0,91
src/test/rerank_handler_test.cpp,//src:ovms_test,0,91
src/test/reranknode_test.cpp,//src:ovms_test,0,91
src/test/rest_utils_test.cpp,//src:ovms_test,0,91
src/test/schema_test.cpp,//src:ovms_test,0,91
src/test/sequence_manager_test.cpp,//src:ovms_test,0,91
src/test/sequence_test.cpp,//src:ovms_test,0,91
src/test/serialization_tests.cpp,//src:ovms_test,0,91
src/test/server_test.cpp,//src:ovms_test,0,91
src/test/shape_test.cpp,//src:ovms_test,0,91
src/test/standalone_http_server_test.cpp,//src:ovms_test,0,91
src/test/stateful_config_test.cpp,//src:ovms_test,0,91
src/test/status_test.cpp,//src:ovms_test,0,91
src/test/streaming_test.cpp,//src:ovms_test,0,91
src/test/stringutils_test.cpp,//src:ovms_test,0,91
src/test/systeminfo_test.cpp,//src:ovms_test,0,91
src/test/tensor_conversion_test.cpp,//src:ovms_test,0,91
src/test/tensorinfo_test.cpp,//src:ovms_test,0,91
src/test/tensorutils_test.cpp,//src:ovms_test,0,91
src/test/test_cmd_exec.cpp,//src:test_cmd_exec,1,92
src/test/test_file_utils.cpp,//src:test_file_utils,3,94
src/test/test_utils.cpp,//src:test_utils,10,102
src/test/test_with_temp_dir.cpp,//src:test_test_with_temp_dir,8,99
src/test/text2image_test.cpp,//src:text2image_test,1,92
src/test/tfs_rest_parser_binary_inputs_test.cpp,//src:ovms_test,0,91
src/test/tfs_rest_parser_column_test.cpp,//src:ovms_test,0,91
src/test/tfs_rest_parser_nonamed_test.cpp,//src:ovms_test,0,91
src/test/tfs_rest_parser_row_test.cpp,//src:ovms_test,0,91
src/test/threadsafequeue_test.cpp,//src:ovms_test,0,91
src/test/tokenize_parser_test.cpp,//src:tokenize_parser_tests,1,92
src/test/unit_tests.cpp,//src:ovms_test,0,91
src/tfs_frontend/deserialization.cpp,//src:tfs_deserialization,19,132
src/tfs_frontend/serialization.cpp,//src:tfs_serialization,19,132
src/tfs_frontend/tensor_conversion.cpp,//src:tfs_backend_impl,17,130
src/tfs_frontend/tfs_backend_impl.cpp,//src:tfs_backend_impl,17,130
src/tfs_frontend/tfs_request_utils.cpp,//src:tfs_request_utils,19,132
src/tfs_frontend/tfs_utils.cpp,//src:tfs_utils,25,139
src/tfs_frontend/validation.cpp,//src:tfs_validation,18,131
src/tokenize/tokenize_parser.cpp,//src/tokenize:tokenize_parser,24,149
src/utils/env_guard.cpp,//src/utils:env_guard,22,134
src/utils/rapidjson_utils.cpp,//src/utils:rapidjson_utils,25,167
src/vaapitensorfactory.cpp,//src:libovmstensorfactory,27,140
src/version.cpp,//src:libovms_version_impl,17,129
